Page,Meta description
https://wertymsd.github.io/Centralita_Teamleader/,Conecte su CRM Teamleader con IA y su teléfono Android. Identifique llamadas en tiempo real sin VOIP. Descarga gratuita por 15 días.
https://wertymsd.github.io/Centralita_Teamleader/indice_docs/,Automatice su CRM Teamleader con IA y su teléfono Android. Identificación de llamadas en tiempo real sin VOIP.
https://wertymsd.github.io/Centralita_Teamleader/en/,Connect your Teamleader CRM with AI and your Android phone. Real-time call identification without VOIP. Free 15-day trial.
https://wertymsd.github.io/Centralita_Teamleader/en/indice_en/,Automatice su CRM Teamleader con IA y su teléfono Android. Identificación de llamadas en tiempo real sin VOIP.
https://wertymsd.github.io/Centralita_Teamleader/en/english/centralita-crm-ia-teamleader/,Automatice su CRM Teamleader con IA y su teléfono Android. Identificación de llamadas en tiempo real sin VOIP.
https://wertymsd.github.io/Centralita_Teamleader/en/english/indice_english/,Automatice su CRM Teamleader con IA y su teléfono Android. Identificación de llamadas en tiempo real sin VOIP.
https://wertymsd.github.io/Centralita_Teamleader/en/english/inicio-rapido-centralita-teamleader/,Learn how to install and configure Teamleader PBX in 20 minutes. Step-by-step guide to integrate Teamleader CRM with OpenRouter AI and automate your calls. Free download available.
https://wertymsd.github.io/Centralita_Teamleader/en/english/link-descarga-software-centralita-teamleader/,Free download of Teamleader PBX - Official software to integrate Teamleader CRM with Artificial Intelligence. Safe and complete Windows installer. Direct download available.
https://wertymsd.github.io/Centralita_Teamleader/en/technical/arquitectura/,Automatice su CRM Teamleader con IA y su teléfono Android. Identificación de llamadas en tiempo real sin VOIP.
https://wertymsd.github.io/Centralita_Teamleader/en/technical/indice_technical/,Automatice su CRM Teamleader con IA y su teléfono Android. Identificación de llamadas en tiempo real sin VOIP.
https://wertymsd.github.io/Centralita_Teamleader/es/indice_es/,Automatice su CRM Teamleader con IA y su teléfono Android. Identificación de llamadas en tiempo real sin VOIP.
https://wertymsd.github.io/Centralita_Teamleader/es/castellano/App-Call-remoto/,Aprende a emparejar tu Android con Windows usando JustRemotePhone para detección automática de llamadas. Guía paso a paso para sincronizar Centralita Teamleader con tu teléfono móvil.
https://wertymsd.github.io/Centralita_Teamleader/es/castellano/api-teamleader/,"Aprende a configurar la API de Teamleader con OAuth2 en 5 minutos. Guía completa para obtener credenciales, autorizar la integración y sincronizar contactos automáticamente con Centralita Teamleader."
https://wertymsd.github.io/Centralita_Teamleader/es/castellano/centralita-crm-ia-teamleader/,Automatice su CRM Teamleader con IA y su teléfono Android. Identificación de llamadas en tiempo real sin VOIP.
https://wertymsd.github.io/Centralita_Teamleader/es/castellano/creacion-nuevo-registros-teamleader/,"Aprende a crear contactos y empresas en Teamleader automáticamente con enriquecimiento de datos mediante IA. Búsqueda simultánea en LinkedIn, WhatsApp y Google para completar información."
https://wertymsd.github.io/Centralita_Teamleader/es/castellano/ejemplos-dia-a-dia/,"Situaciones reales del día a día con Centralita IA Teamleader. Cómo manejar llamadas entrantes, salientes, cortes de luz, búsquedas y más."
https://wertymsd.github.io/Centralita_Teamleader/es/castellano/indice_castellano/,Automatice su CRM Teamleader con IA y su teléfono Android. Identificación de llamadas en tiempo real sin VOIP.
https://wertymsd.github.io/Centralita_Teamleader/es/castellano/inicio-rapido-centralita-teamleader/,"Configure Centralita Teamleader en menos de 5 minutos con esta guía de instalación rápida. Descargue, instale, empareje su Android y configure las APIs para comenzar a automatizar sus llamadas."
https://wertymsd.github.io/Centralita_Teamleader/es/castellano/link-descarga-software-centralita-teamleader/,Descarga gratuita de Centralita Teamleader - Software oficial para integrar Teamleader CRM con Inteligencia Artificial. Instalador Windows seguro y completo. Descarga directa disponible.
https://wertymsd.github.io/Centralita_Teamleader/es/castellano/pantalla-configuracion-centralita-teamleader/,Automatice su CRM Teamleader con IA y su teléfono Android. Identificación de llamadas en tiempo real sin VOIP.
https://wertymsd.github.io/Centralita_Teamleader/es/tecnica/arquitectura/,"Descubre cómo Centralita IA Teamleader detecta llamadas automáticamente, graba conversaciones, transcribe con inteligencia artificial y sincroniza con tu CRM en tiempo real."
https://wertymsd.github.io/Centralita_Teamleader/es/tecnica/casos-de-uso/,"Descubre cómo empresas reales usan Centralita IA Teamleader para transformar su gestión de llamadas. Casos de uso prácticos en jardinería, call centers, consultoras y más."
https://wertymsd.github.io/Centralita_Teamleader/es/tecnica/faq-tecnica/,Automatice su CRM Teamleader con IA y su teléfono Android. Identificación de llamadas en tiempo real sin VOIP.
https://wertymsd.github.io/Centralita_Teamleader/es/tecnica/funcionalidades-avanzadas/,Automatice su CRM Teamleader con IA y su teléfono Android. Identificación de llamadas en tiempo real sin VOIP.
https://wertymsd.github.io/Centralita_Teamleader/es/tecnica/funcionalidades-core/,Automatice su CRM Teamleader con IA y su teléfono Android. Identificación de llamadas en tiempo real sin VOIP.
https://wertymsd.github.io/Centralita_Teamleader/es/tecnica/indice_tecnica/,Automatice su CRM Teamleader con IA y su teléfono Android. Identificación de llamadas en tiempo real sin VOIP.
https://wertymsd.github.io/Centralita_Teamleader/es/tecnica/integraciones/,Aprenda a configurar OBS Studio con Centralita Teamleader para grabar llamadas en alta calidad y capturar ambos lados de la conversación.
https://wertymsd.github.io/Centralita_Teamleader/fr/,Connectez votre CRM Teamleader avec l'IA et votre téléphone Android. Identification des appels en temps réel sans VOIP. Essai gratuit de 15 jours.
https://wertymsd.github.io/Centralita_Teamleader/fr/indice_fr/,Automatice su CRM Teamleader con IA y su teléfono Android. Identificación de llamadas en tiempo real sin VOIP.
https://wertymsd.github.io/Centralita_Teamleader/fr/francais/centralite-crm-ia-teamleader/,Automatice su CRM Teamleader con IA y su teléfono Android. Identificación de llamadas en tiempo real sin VOIP.
https://wertymsd.github.io/Centralita_Teamleader/fr/francais/demarrage-rapide-centralita-teamleader/,Découvrez comment installer et configurer Centralite Teamleader en 20 minutes. Guide pas à pas pour intégrer Teamleader CRM avec OpenRouter IA et automatiser vos appels. Téléchargement gratuit disponible.
https://wertymsd.github.io/Centralita_Teamleader/fr/francais/indice_francais/,Automatice su CRM Teamleader con IA y su teléfono Android. Identificación de llamadas en tiempo real sin VOIP.
https://wertymsd.github.io/Centralita_Teamleader/fr/francais/lien-telechargement-logiciel-centralita-teamleader/,Téléchargement gratuit de Centralite Teamleader - Logiciel officiel pour intégrer Teamleader CRM avec l'Intelligence Artificielle. Installeur Windows sécurisé et complet. Téléchargement direct disponible.
https://wertymsd.github.io/Centralita_Teamleader/fr/technique/architecture/,Automatice su CRM Teamleader con IA y su teléfono Android. Identificación de llamadas en tiempo real sin VOIP.
https://wertymsd.github.io/Centralita_Teamleader/fr/technique/indice_technique/,Automatice su CRM Teamleader con IA y su teléfono Android. Identificación de llamadas en tiempo real sin VOIP.
https://wertymsd.github.io/Centralita_Teamleader/img/indice_img/,Automatice su CRM Teamleader con IA y su teléfono Android. Identificación de llamadas en tiempo real sin VOIP.
https://wertymsd.github.io/Centralita_Teamleader/javascripts/indice_javascripts/,Automatice su CRM Teamleader con IA y su teléfono Android. Identificación de llamadas en tiempo real sin VOIP.
https://wertymsd.github.io/Centralita_Teamleader/overrides/indice_overrides/,Automatice su CRM Teamleader con IA y su teléfono Android. Identificación de llamadas en tiempo real sin VOIP.
https://wertymsd.github.io/Centralita_Teamleader/stylesheets/indice_stylesheets/,Automatice su CRM Teamleader con IA y su teléfono Android. Identificación de llamadas en tiempo real sin VOIP.
https://wertymsd.github.io/Centralita_Teamleader/tecnica/arquitectura/,Automatice su CRM Teamleader con IA y su teléfono Android. Identificación de llamadas en tiempo real sin VOIP.
https://wertymsd.github.io/Centralita_Teamleader/tecnica/casos-de-uso/,Automatice su CRM Teamleader con IA y su teléfono Android. Identificación de llamadas en tiempo real sin VOIP.
https://wertymsd.github.io/Centralita_Teamleader/tecnica/faq-tecnica/,Automatice su CRM Teamleader con IA y su teléfono Android. Identificación de llamadas en tiempo real sin VOIP.
https://wertymsd.github.io/Centralita_Teamleader/tecnica/funcionalidades-avanzadas/,Automatice su CRM Teamleader con IA y su teléfono Android. Identificación de llamadas en tiempo real sin VOIP.
https://wertymsd.github.io/Centralita_Teamleader/tecnica/funcionalidades-core/,Automatice su CRM Teamleader con IA y su teléfono Android. Identificación de llamadas en tiempo real sin VOIP.
https://wertymsd.github.io/Centralita_Teamleader/tecnica/indice_tecnica/,Automatice su CRM Teamleader con IA y su teléfono Android. Identificación de llamadas en tiempo real sin VOIP.
https://wertymsd.github.io/Centralita_Teamleader/tecnica/integraciones/,Automatice su CRM Teamleader con IA y su teléfono Android. Identificación de llamadas en tiempo real sin VOIP.
